,i1,i2,i3,i4,i5,i6,i7,i8,i9,o1,o2,o3,o4,o5,explanation for output
128,0,1,0,0,0,0,0,0,0,1,0,0,0,0,"{'o1': ['i1', 'i2'], 'o2': ['i5', 'i1', 'i6', 'i4', 'i7', 'i8', 'i3', 'i9']}"
129,0,1,0,0,0,0,0,0,1,1,0,0,0,1,"{'o1': ['i9', 'i1', 'i2'], 'o2': ['i5', 'i1', 'i6', 'i4', 'i7', 'i8', 'i3']}"
130,0,1,0,0,0,0,0,1,0,1,0,0,0,1,"{'o1': ['i8', 'i1', 'i2'], 'o2': ['i5', 'i1', 'i6', 'i4', 'i7', 'i3', 'i9']}"
131,0,1,0,0,0,0,0,1,1,1,0,0,1,0,"{'o1': ['i8', 'i9', 'i1', 'i2'], 'o2': ['i5', 'i1', 'i6', 'i4', 'i3']}"
132,0,1,0,0,0,0,1,0,0,1,0,0,0,1,"{'o1': ['i7', 'i1', 'i2'], 'o2': ['i5', 'i1', 'i6', 'i4', 'i8', 'i3', 'i9']}"
133,0,1,0,0,0,0,1,0,1,1,0,0,1,0,"{'o1': ['i7', 'i9', 'i1', 'i2'], 'o2': ['i5', 'i1', 'i6', 'i4', 'i3']}"
134,0,1,0,0,0,0,1,1,0,1,0,0,1,0,"{'o1': ['i8', 'i7', 'i1', 'i2'], 'o2': ['i5', 'i1', 'i6', 'i4', 'i3']}"
135,0,1,0,0,0,0,1,1,1,1,0,0,1,1,"{'o1': ['i1', 'i2', 'i8', 'i7', 'i9'], 'o2': ['i5', 'i1', 'i6', 'i4', 'i3']}"
136,0,1,0,0,0,1,0,0,0,1,0,0,1,0,"{'o1': ['i6', 'i1', 'i2'], 'o2': ['i5', 'i1', 'i8', 'i4', 'i7', 'i3', 'i9']}"
137,0,1,0,0,0,1,0,0,1,1,0,0,1,1,"{'o1': ['i6', 'i9', 'i1', 'i2'], 'o2': ['i5', 'i1', 'i8', 'i4', 'i7', 'i3']}"
138,0,1,0,0,0,1,0,1,0,1,0,0,1,1,"{'o1': ['i8', 'i6', 'i1', 'i2'], 'o2': ['i5', 'i1', 'i4', 'i7', 'i3', 'i9']}"
139,0,1,0,0,0,1,0,1,1,1,0,1,0,0,"{'o1': ['i1', 'i6', 'i2', 'i8', 'i9'], 'o2': ['i4', 'i3', 'i1']}"
140,0,1,0,0,0,1,1,0,0,1,0,0,1,1,"{'o1': ['i6', 'i7', 'i1', 'i2'], 'o2': ['i5', 'i1', 'i8', 'i4', 'i3', 'i9']}"
141,0,1,0,0,0,1,1,0,1,1,0,1,0,0,"{'o1': ['i1', 'i6', 'i2', 'i7', 'i9'], 'o2': ['i4', 'i3', 'i1']}"
142,0,1,0,0,0,1,1,1,0,1,0,1,0,0,"{'o1': ['i1', 'i6', 'i2', 'i8', 'i7'], 'o2': ['i4', 'i3', 'i1']}"
143,0,1,0,0,0,1,1,1,1,1,0,1,0,1,"{'o1': ['i1', 'i6', 'i2', 'i8', 'i7', 'i9'], 'o2': ['i4', 'i3', 'i1']}"
144,0,1,0,0,1,0,0,0,0,1,0,0,1,0,"{'o1': ['i5', 'i1', 'i2'], 'o2': ['i1', 'i6', 'i8', 'i4', 'i7', 'i3', 'i9']}"
145,0,1,0,0,1,0,0,0,1,1,0,0,1,1,"{'o1': ['i9', 'i5', 'i1', 'i2'], 'o2': ['i1', 'i6', 'i8', 'i4', 'i7', 'i3']}"
146,0,1,0,0,1,0,0,1,0,1,0,0,1,1,"{'o1': ['i8', 'i5', 'i1', 'i2'], 'o2': ['i1', 'i6', 'i4', 'i7', 'i3', 'i9']}"
147,0,1,0,0,1,0,0,1,1,1,0,1,0,0,"{'o1': ['i5', 'i1', 'i2', 'i8', 'i9'], 'o2': ['i4', 'i3', 'i1']}"
148,0,1,0,0,1,0,1,0,0,1,0,0,1,1,"{'o1': ['i7', 'i5', 'i1', 'i2'], 'o2': ['i1', 'i6', 'i8', 'i4', 'i3', 'i9']}"
149,0,1,0,0,1,0,1,0,1,1,0,1,0,0,"{'o1': ['i5', 'i1', 'i2', 'i7', 'i9'], 'o2': ['i4', 'i3', 'i1']}"
150,0,1,0,0,1,0,1,1,0,1,0,1,0,0,"{'o1': ['i5', 'i1', 'i2', 'i8', 'i7'], 'o2': ['i4', 'i3', 'i1']}"
151,0,1,0,0,1,0,1,1,1,1,0,1,0,1,"{'o1': ['i5', 'i1', 'i2', 'i8', 'i7', 'i9'], 'o2': ['i4', 'i3', 'i1']}"
152,0,1,0,0,1,1,0,0,0,1,0,1,0,0,"{'o1': ['i6', 'i5', 'i1', 'i2'], 'o2': ['i4', 'i3', 'i1']}"
153,0,1,0,0,1,1,0,0,1,1,0,1,0,1,"{'o1': ['i5', 'i1', 'i6', 'i2', 'i9'], 'o2': ['i4', 'i3', 'i1']}"
154,0,1,0,0,1,1,0,1,0,1,0,1,0,1,"{'o1': ['i5', 'i1', 'i6', 'i2', 'i8'], 'o2': ['i4', 'i3', 'i1']}"
155,0,1,0,0,1,1,0,1,1,1,0,1,1,0,"{'o1': ['i5', 'i1', 'i6', 'i2', 'i8', 'i9'], 'o2': ['i4', 'i3', 'i1']}"
156,0,1,0,0,1,1,1,0,0,1,0,1,0,1,"{'o1': ['i5', 'i1', 'i6', 'i2', 'i7'], 'o2': ['i4', 'i3', 'i1']}"
157,0,1,0,0,1,1,1,0,1,1,0,1,1,0,"{'o1': ['i5', 'i1', 'i6', 'i2', 'i7', 'i9'], 'o2': ['i4', 'i3', 'i1']}"
158,0,1,0,0,1,1,1,1,0,1,0,1,1,0,"{'o1': ['i5', 'i1', 'i6', 'i2', 'i8', 'i7'], 'o2': ['i4', 'i3', 'i1']}"
159,0,1,0,0,1,1,1,1,1,1,0,1,1,1,"{'o1': ['i5', 'i1', 'i6', 'i2', 'i8', 'i7', 'i9'], 'o2': ['i4', 'i3', 'i1']}"
160,0,1,0,1,0,0,0,0,0,1,0,1,0,0,"{'o1': ['i4', 'i1', 'i2'], 'o2': ['i5', 'i1', 'i6', 'i8', 'i7', 'i3', 'i9']}"
161,0,1,0,1,0,0,0,0,1,1,0,1,0,1,"{'o1': ['i4', 'i9', 'i1', 'i2'], 'o2': ['i5', 'i1', 'i6', 'i8', 'i7', 'i3']}"
162,0,1,0,1,0,0,0,1,0,1,0,1,0,1,"{'o1': ['i8', 'i4', 'i1', 'i2'], 'o2': ['i5', 'i1', 'i6', 'i7', 'i3', 'i9']}"
163,0,1,0,1,0,0,0,1,1,1,0,1,1,0,"{'o1': ['i1', 'i2', 'i8', 'i4', 'i9'], 'o2': ['i3', 'i5', 'i1', 'i6']}"
164,0,1,0,1,0,0,1,0,0,1,0,1,0,1,"{'o1': ['i4', 'i7', 'i1', 'i2'], 'o2': ['i5', 'i1', 'i6', 'i8', 'i3', 'i9']}"
165,0,1,0,1,0,0,1,0,1,1,0,1,1,0,"{'o1': ['i1', 'i2', 'i4', 'i7', 'i9'], 'o2': ['i3', 'i5', 'i1', 'i6']}"
166,0,1,0,1,0,0,1,1,0,1,0,1,1,0,"{'o1': ['i1', 'i2', 'i8', 'i4', 'i7'], 'o2': ['i3', 'i5', 'i1', 'i6']}"
167,0,1,0,1,0,0,1,1,1,1,0,1,1,1,"{'o1': ['i1', 'i2', 'i8', 'i4', 'i7', 'i9'], 'o2': ['i3', 'i5', 'i1', 'i6']}"
168,0,1,0,1,0,1,0,0,0,1,0,1,1,0,"{'o1': ['i4', 'i6', 'i1', 'i2'], 'o2': ['i5', 'i1', 'i8', 'i7', 'i3', 'i9']}"
169,0,1,0,1,0,1,0,0,1,1,0,1,1,1,"{'o1': ['i1', 'i6', 'i2', 'i4', 'i9'], 'o2': ['i5', 'i1', 'i8', 'i7', 'i3']}"
170,0,1,0,1,0,1,0,1,0,1,0,1,1,1,"{'o1': ['i1', 'i6', 'i2', 'i8', 'i4'], 'o2': ['i5', 'i1', 'i7', 'i3', 'i9']}"
171,0,1,0,1,0,1,0,1,1,1,1,0,0,0,"{'o2': ['i1', 'i6', 'i8', 'i4', 'i9']}"
172,0,1,0,1,0,1,1,0,0,1,0,1,1,1,"{'o1': ['i1', 'i6', 'i2', 'i4', 'i7'], 'o2': ['i5', 'i1', 'i8', 'i3', 'i9']}"
173,0,1,0,1,0,1,1,0,1,1,1,0,0,0,"{'o2': ['i1', 'i6', 'i4', 'i7', 'i9']}"
174,0,1,0,1,0,1,1,1,0,1,1,0,0,0,"{'o2': ['i1', 'i6', 'i8', 'i4', 'i7']}"
175,0,1,0,1,0,1,1,1,1,1,1,0,0,1,"{'o2': ['i1', 'i6', 'i8', 'i4', 'i7', 'i9']}"
176,0,1,0,1,1,0,0,0,0,1,0,1,1,0,"{'o1': ['i4', 'i5', 'i1', 'i2'], 'o2': ['i1', 'i6', 'i8', 'i7', 'i3', 'i9']}"
177,0,1,0,1,1,0,0,0,1,1,0,1,1,1,"{'o1': ['i5', 'i1', 'i2', 'i4', 'i9'], 'o2': ['i1', 'i6', 'i8', 'i7', 'i3']}"
178,0,1,0,1,1,0,0,1,0,1,0,1,1,1,"{'o1': ['i5', 'i1', 'i2', 'i8', 'i4'], 'o2': ['i1', 'i6', 'i7', 'i3', 'i9']}"
179,0,1,0,1,1,0,0,1,1,1,1,0,0,0,"{'o2': ['i5', 'i1', 'i8', 'i4', 'i9']}"
180,0,1,0,1,1,0,1,0,0,1,0,1,1,1,"{'o1': ['i5', 'i1', 'i2', 'i4', 'i7'], 'o2': ['i1', 'i6', 'i8', 'i3', 'i9']}"
181,0,1,0,1,1,0,1,0,1,1,1,0,0,0,"{'o2': ['i5', 'i1', 'i4', 'i7', 'i9']}"
182,0,1,0,1,1,0,1,1,0,1,1,0,0,0,"{'o2': ['i5', 'i1', 'i8', 'i4', 'i7']}"
183,0,1,0,1,1,0,1,1,1,1,1,0,0,1,"{'o2': ['i5', 'i1', 'i8', 'i4', 'i7', 'i9']}"
184,0,1,0,1,1,1,0,0,0,1,1,0,0,0,"{'o2': ['i4', 'i5', 'i1', 'i6']}"
185,0,1,0,1,1,1,0,0,1,1,1,0,0,1,"{'o2': ['i5', 'i1', 'i6', 'i4', 'i9']}"
186,0,1,0,1,1,1,0,1,0,1,1,0,0,1,"{'o2': ['i5', 'i1', 'i6', 'i8', 'i4']}"
187,0,1,0,1,1,1,0,1,1,1,1,0,1,0,"{'o2': ['i5', 'i1', 'i6', 'i8', 'i4', 'i9']}"
188,0,1,0,1,1,1,1,0,0,1,1,0,0,1,"{'o2': ['i5', 'i1', 'i6', 'i4', 'i7']}"
189,0,1,0,1,1,1,1,0,1,1,1,0,1,0,"{'o2': ['i5', 'i1', 'i6', 'i4', 'i7', 'i9']}"
190,0,1,0,1,1,1,1,1,0,1,1,0,1,0,"{'o2': ['i5', 'i1', 'i6', 'i4', 'i7', 'i8']}"
191,0,1,0,1,1,1,1,1,1,1,1,0,1,1,"{'o2': ['i5', 'i1', 'i6', 'i4', 'i7', 'i8', 'i9']}"
192,0,1,1,0,0,0,0,0,0,1,0,1,0,0,"{'o1': ['i3', 'i1', 'i2'], 'o2': ['i5', 'i1', 'i6', 'i4', 'i7', 'i8', 'i9']}"
193,0,1,1,0,0,0,0,0,1,1,0,1,0,1,"{'o1': ['i3', 'i9', 'i1', 'i2'], 'o2': ['i5', 'i1', 'i6', 'i4', 'i7', 'i8']}"
194,0,1,1,0,0,0,0,1,0,1,0,1,0,1,"{'o1': ['i8', 'i3', 'i1', 'i2'], 'o2': ['i5', 'i1', 'i6', 'i4', 'i7', 'i9']}"
195,0,1,1,0,0,0,0,1,1,1,0,1,1,0,"{'o1': ['i1', 'i2', 'i8', 'i3', 'i9'], 'o2': ['i4', 'i5', 'i1', 'i6']}"
196,0,1,1,0,0,0,1,0,0,1,0,1,0,1,"{'o1': ['i3', 'i7', 'i1', 'i2'], 'o2': ['i5', 'i1', 'i6', 'i8', 'i4', 'i9']}"
197,0,1,1,0,0,0,1,0,1,1,0,1,1,0,"{'o1': ['i1', 'i2', 'i7', 'i3', 'i9'], 'o2': ['i4', 'i5', 'i1', 'i6']}"
198,0,1,1,0,0,0,1,1,0,1,0,1,1,0,"{'o1': ['i1', 'i2', 'i8', 'i7', 'i3'], 'o2': ['i4', 'i5', 'i1', 'i6']}"
199,0,1,1,0,0,0,1,1,1,1,0,1,1,1,"{'o1': ['i1', 'i2', 'i8', 'i7', 'i3', 'i9'], 'o2': ['i4', 'i5', 'i1', 'i6']}"
200,0,1,1,0,0,1,0,0,0,1,0,1,1,0,"{'o1': ['i3', 'i6', 'i1', 'i2'], 'o2': ['i5', 'i1', 'i4', 'i8', 'i7', 'i9']}"
201,0,1,1,0,0,1,0,0,1,1,0,1,1,1,"{'o1': ['i1', 'i6', 'i2', 'i3', 'i9'], 'o2': ['i5', 'i1', 'i4', 'i8', 'i7']}"
202,0,1,1,0,0,1,0,1,0,1,0,1,1,1,"{'o1': ['i1', 'i6', 'i2', 'i8', 'i3'], 'o2': ['i5', 'i1', 'i4', 'i7', 'i9']}"
203,0,1,1,0,0,1,0,1,1,1,1,0,0,0,"{'o2': ['i1', 'i6', 'i8', 'i3', 'i9']}"
204,0,1,1,0,0,1,1,0,0,1,0,1,1,1,"{'o1': ['i1', 'i6', 'i2', 'i7', 'i3'], 'o2': ['i5', 'i1', 'i8', 'i4', 'i9']}"
205,0,1,1,0,0,1,1,0,1,1,1,0,0,0,"{'o2': ['i1', 'i6', 'i7', 'i3', 'i9']}"
206,0,1,1,0,0,1,1,1,0,1,1,0,0,0,"{'o2': ['i1', 'i6', 'i8', 'i7', 'i3']}"
207,0,1,1,0,0,1,1,1,1,1,1,0,0,1,"{'o2': ['i1', 'i6', 'i8', 'i7', 'i3', 'i9']}"
208,0,1,1,0,1,0,0,0,0,1,0,1,1,0,"{'o1': ['i3', 'i5', 'i1', 'i2'], 'o2': ['i1', 'i6', 'i4', 'i8', 'i7', 'i9']}"
209,0,1,1,0,1,0,0,0,1,1,0,1,1,1,"{'o1': ['i5', 'i1', 'i2', 'i3', 'i9'], 'o2': ['i1', 'i6', 'i4', 'i8', 'i7']}"
210,0,1,1,0,1,0,0,1,0,1,0,1,1,1,"{'o1': ['i5', 'i1', 'i2', 'i8', 'i3'], 'o2': ['i1', 'i6', 'i4', 'i7', 'i9']}"
211,0,1,1,0,1,0,0,1,1,1,1,0,0,0,"{'o2': ['i5', 'i1', 'i8', 'i3', 'i9']}"
212,0,1,1,0,1,0,1,0,0,1,0,1,1,1,"{'o1': ['i5', 'i1', 'i2', 'i7', 'i3'], 'o2': ['i1', 'i6', 'i8', 'i4', 'i9']}"
213,0,1,1,0,1,0,1,0,1,1,1,0,0,0,"{'o2': ['i5', 'i1', 'i7', 'i3', 'i9']}"
214,0,1,1,0,1,0,1,1,0,1,1,0,0,0,"{'o2': ['i5', 'i1', 'i8', 'i7', 'i3']}"
215,0,1,1,0,1,0,1,1,1,1,1,0,0,1,"{'o2': ['i5', 'i1', 'i8', 'i7', 'i3', 'i9']}"
216,0,1,1,0,1,1,0,0,0,1,1,0,0,0,"{'o2': ['i3', 'i5', 'i1', 'i6']}"
217,0,1,1,0,1,1,0,0,1,1,1,0,0,1,"{'o2': ['i5', 'i1', 'i6', 'i3', 'i9']}"
218,0,1,1,0,1,1,0,1,0,1,1,0,0,1,"{'o2': ['i5', 'i1', 'i6', 'i8', 'i3']}"
219,0,1,1,0,1,1,0,1,1,1,1,0,1,0,"{'o2': ['i5', 'i1', 'i6', 'i8', 'i3', 'i9']}"
220,0,1,1,0,1,1,1,0,0,1,1,0,0,1,"{'o2': ['i5', 'i1', 'i6', 'i7', 'i3']}"
221,0,1,1,0,1,1,1,0,1,1,1,0,1,0,"{'o2': ['i5', 'i1', 'i6', 'i7', 'i3', 'i9']}"
222,0,1,1,0,1,1,1,1,0,1,1,0,1,0,"{'o2': ['i5', 'i1', 'i6', 'i8', 'i7', 'i3']}"
223,0,1,1,0,1,1,1,1,1,1,1,0,1,1,"{'o2': ['i5', 'i1', 'i6', 'i8', 'i7', 'i3', 'i9']}"
224,0,1,1,1,0,0,0,0,0,1,1,0,0,0,"{'o2': ['i4', 'i3', 'i1']}"
225,0,1,1,1,0,0,0,0,1,1,1,0,0,1,"{'o2': ['i4', 'i3', 'i9', 'i1']}"
226,0,1,1,1,0,0,0,1,0,1,1,0,0,1,"{'o2': ['i8', 'i4', 'i3', 'i1']}"
227,0,1,1,1,0,0,0,1,1,1,1,0,1,0,"{'o2': ['i1', 'i8', 'i4', 'i3', 'i9']}"
228,0,1,1,1,0,0,1,0,0,1,1,0,0,1,"{'o2': ['i4', 'i3', 'i7', 'i1']}"
229,0,1,1,1,0,0,1,0,1,1,1,0,1,0,"{'o2': ['i1', 'i4', 'i7', 'i3', 'i9']}"
230,0,1,1,1,0,0,1,1,0,1,1,0,1,0,"{'o2': ['i1', 'i8', 'i4', 'i7', 'i3']}"
231,0,1,1,1,0,0,1,1,1,1,1,0,1,1,"{'o2': ['i1', 'i8', 'i4', 'i7', 'i3', 'i9']}"
232,0,1,1,1,0,1,0,0,0,1,1,0,1,0,"{'o2': ['i4', 'i3', 'i1', 'i6']}"
233,0,1,1,1,0,1,0,0,1,1,1,0,1,1,"{'o2': ['i1', 'i6', 'i4', 'i3', 'i9']}"
234,0,1,1,1,0,1,0,1,0,1,1,0,1,1,"{'o2': ['i1', 'i6', 'i8', 'i4', 'i3']}"
235,0,1,1,1,0,1,0,1,1,1,1,1,0,0,"{'o2': ['i1', 'i6', 'i8', 'i4', 'i3', 'i9']}"
236,0,1,1,1,0,1,1,0,0,1,1,0,1,1,"{'o2': ['i1', 'i6', 'i4', 'i7', 'i3']}"
237,0,1,1,1,0,1,1,0,1,1,1,1,0,0,"{'o2': ['i1', 'i6', 'i4', 'i7', 'i3', 'i9']}"
238,0,1,1,1,0,1,1,1,0,1,1,1,0,0,"{'o2': ['i1', 'i6', 'i4', 'i7', 'i8', 'i3']}"
239,0,1,1,1,0,1,1,1,1,1,1,1,0,1,"{'o2': ['i1', 'i6', 'i4', 'i7', 'i8', 'i3', 'i9']}"
240,0,1,1,1,1,0,0,0,0,1,1,0,1,0,"{'o2': ['i4', 'i3', 'i5', 'i1']}"
241,0,1,1,1,1,0,0,0,1,1,1,0,1,1,"{'o2': ['i5', 'i1', 'i4', 'i3', 'i9']}"
242,0,1,1,1,1,0,0,1,0,1,1,0,1,1,"{'o2': ['i5', 'i1', 'i8', 'i4', 'i3']}"
243,0,1,1,1,1,0,0,1,1,1,1,1,0,0,"{'o2': ['i5', 'i1', 'i8', 'i4', 'i3', 'i9']}"
244,0,1,1,1,1,0,1,0,0,1,1,0,1,1,"{'o2': ['i5', 'i1', 'i4', 'i7', 'i3']}"
245,0,1,1,1,1,0,1,0,1,1,1,1,0,0,"{'o2': ['i5', 'i1', 'i4', 'i7', 'i3', 'i9']}"
246,0,1,1,1,1,0,1,1,0,1,1,1,0,0,"{'o2': ['i5', 'i1', 'i4', 'i7', 'i8', 'i3']}"
247,0,1,1,1,1,0,1,1,1,1,1,1,0,1,"{'o2': ['i5', 'i1', 'i4', 'i7', 'i8', 'i3', 'i9']}"
248,0,1,1,1,1,1,0,0,0,1,1,1,0,0,"{'o2': ['i5', 'i1', 'i6', 'i4', 'i3']}"
249,0,1,1,1,1,1,0,0,1,1,1,1,0,1,"{'o2': ['i5', 'i1', 'i6', 'i4', 'i3', 'i9']}"
250,0,1,1,1,1,1,0,1,0,1,1,1,0,1,"{'o2': ['i5', 'i1', 'i6', 'i4', 'i8', 'i3']}"
251,0,1,1,1,1,1,0,1,1,1,1,1,1,0,"{'o2': ['i5', 'i1', 'i6', 'i4', 'i8', 'i3', 'i9']}"
252,0,1,1,1,1,1,1,0,0,1,1,1,0,1,"{'o2': ['i5', 'i1', 'i6', 'i4', 'i7', 'i3']}"
253,0,1,1,1,1,1,1,0,1,1,1,1,1,0,"{'o2': ['i5', 'i1', 'i6', 'i4', 'i7', 'i3', 'i9']}"
254,0,1,1,1,1,1,1,1,0,1,1,1,1,0,"{'o2': ['i5', 'i1', 'i6', 'i4', 'i7', 'i8', 'i3']}"
255,0,1,1,1,1,1,1,1,1,1,1,1,1,1,"{'o2': ['i5', 'i1', 'i6', 'i4', 'i7', 'i8', 'i3', 'i9']}"
256,1,0,0,0,0,0,0,0,0,1,0,0,0,0,"{'o1': ['i1', 'i2'], 'o2': ['i5', 'i6', 'i2', 'i4', 'i7', 'i8', 'i3', 'i9']}"
257,1,0,0,0,0,0,0,0,1,1,0,0,0,1,"{'o1': ['i9', 'i1', 'i2'], 'o2': ['i5', 'i6', 'i2', 'i4', 'i7', 'i8', 'i3']}"
258,1,0,0,0,0,0,0,1,0,1,0,0,0,1,"{'o1': ['i8', 'i1', 'i2'], 'o2': ['i5', 'i6', 'i2', 'i4', 'i7', 'i3', 'i9']}"
259,1,0,0,0,0,0,0,1,1,1,0,0,1,0,"{'o1': ['i8', 'i9', 'i1', 'i2'], 'o2': ['i5', 'i6', 'i2', 'i4', 'i3']}"
260,1,0,0,0,0,0,1,0,0,1,0,0,0,1,"{'o1': ['i7', 'i1', 'i2'], 'o2': ['i5', 'i6', 'i2', 'i4', 'i8', 'i3', 'i9']}"
261,1,0,0,0,0,0,1,0,1,1,0,0,1,0,"{'o1': ['i7', 'i9', 'i1', 'i2'], 'o2': ['i5', 'i6', 'i2', 'i4', 'i3']}"
262,1,0,0,0,0,0,1,1,0,1,0,0,1,0,"{'o1': ['i8', 'i7', 'i1', 'i2'], 'o2': ['i5', 'i6', 'i2', 'i4', 'i3']}"
263,1,0,0,0,0,0,1,1,1,1,0,0,1,1,"{'o1': ['i1', 'i2', 'i8', 'i7', 'i9'], 'o2': ['i5', 'i6', 'i2', 'i4', 'i3']}"
264,1,0,0,0,0,1,0,0,0,1,0,0,1,0,"{'o1': ['i6', 'i1', 'i2'], 'o2': ['i5', 'i2', 'i8', 'i4', 'i7', 'i3', 'i9']}"
265,1,0,0,0,0,1,0,0,1,1,0,0,1,1,"{'o1': ['i6', 'i9', 'i1', 'i2'], 'o2': ['i5', 'i2', 'i8', 'i4', 'i7', 'i3']}"
266,1,0,0,0,0,1,0,1,0,1,0,0,1,1,"{'o1': ['i8', 'i6', 'i1', 'i2'], 'o2': ['i5', 'i2', 'i4', 'i7', 'i3', 'i9']}"
267,1,0,0,0,0,1,0,1,1,1,0,1,0,0,"{'o1': ['i1', 'i6', 'i2', 'i8', 'i9'], 'o2': ['i4', 'i3', 'i2']}"
268,1,0,0,0,0,1,1,0,0,1,0,0,1,1,"{'o1': ['i6', 'i7', 'i1', 'i2'], 'o2': ['i5', 'i2', 'i8', 'i4', 'i3', 'i9']}"
269,1,0,0,0,0,1,1,0,1,1,0,1,0,0,"{'o1': ['i1', 'i6', 'i2', 'i7', 'i9'], 'o2': ['i4', 'i3', 'i2']}"
270,1,0,0,0,0,1,1,1,0,1,0,1,0,0,"{'o1': ['i1', 'i6', 'i2', 'i8', 'i7'], 'o2': ['i4', 'i3', 'i2']}"
271,1,0,0,0,0,1,1,1,1,1,0,1,0,1,"{'o1': ['i1', 'i6', 'i2', 'i8', 'i7', 'i9'], 'o2': ['i4', 'i3', 'i2']}"
272,1,0,0,0,1,0,0,0,0,1,0,0,1,0,"{'o1': ['i5', 'i1', 'i2'], 'o2': ['i6', 'i2', 'i8', 'i4', 'i7', 'i3', 'i9']}"
273,1,0,0,0,1,0,0,0,1,1,0,0,1,1,"{'o1': ['i9', 'i5', 'i1', 'i2'], 'o2': ['i6', 'i2', 'i8', 'i4', 'i7', 'i3']}"
274,1,0,0,0,1,0,0,1,0,1,0,0,1,1,"{'o1': ['i8', 'i5', 'i1', 'i2'], 'o2': ['i6', 'i2', 'i4', 'i7', 'i3', 'i9']}"
275,1,0,0,0,1,0,0,1,1,1,0,1,0,0,"{'o1': ['i5', 'i1', 'i2', 'i8', 'i9'], 'o2': ['i4', 'i3', 'i2']}"
276,1,0,0,0,1,0,1,0,0,1,0,0,1,1,"{'o1': ['i7', 'i5', 'i1', 'i2'], 'o2': ['i6', 'i2', 'i8', 'i4', 'i3', 'i9']}"
277,1,0,0,0,1,0,1,0,1,1,0,1,0,0,"{'o1': ['i5', 'i1', 'i2', 'i7', 'i9'], 'o2': ['i4', 'i3', 'i2']}"
278,1,0,0,0,1,0,1,1,0,1,0,1,0,0,"{'o1': ['i5', 'i1', 'i2', 'i8', 'i7'], 'o2': ['i4', 'i3', 'i2']}"
279,1,0,0,0,1,0,1,1,1,1,0,1,0,1,"{'o1': ['i5', 'i1', 'i2', 'i8', 'i7', 'i9'], 'o2': ['i4', 'i3', 'i2']}"
280,1,0,0,0,1,1,0,0,0,1,0,1,0,0,"{'o1': ['i6', 'i5', 'i1', 'i2'], 'o2': ['i4', 'i3', 'i2']}"
281,1,0,0,0,1,1,0,0,1,1,0,1,0,1,"{'o1': ['i5', 'i1', 'i6', 'i2', 'i9'], 'o2': ['i4', 'i3', 'i2']}"
282,1,0,0,0,1,1,0,1,0,1,0,1,0,1,"{'o1': ['i5', 'i1', 'i6', 'i2', 'i8'], 'o2': ['i4', 'i3', 'i2']}"
283,1,0,0,0,1,1,0,1,1,1,0,1,1,0,"{'o1': ['i5', 'i1', 'i6', 'i2', 'i8', 'i9'], 'o2': ['i4', 'i3', 'i2']}"
284,1,0,0,0,1,1,1,0,0,1,0,1,0,1,"{'o1': ['i5', 'i1', 'i6', 'i2', 'i7'], 'o2': ['i4', 'i3', 'i2']}"
285,1,0,0,0,1,1,1,0,1,1,0,1,1,0,"{'o1': ['i5', 'i1', 'i6', 'i2', 'i7', 'i9'], 'o2': ['i4', 'i3', 'i2']}"
286,1,0,0,0,1,1,1,1,0,1,0,1,1,0,"{'o1': ['i5', 'i1', 'i6', 'i2', 'i8', 'i7'], 'o2': ['i4', 'i3', 'i2']}"
287,1,0,0,0,1,1,1,1,1,1,0,1,1,1,"{'o1': ['i5', 'i1', 'i6', 'i2', 'i8', 'i7', 'i9'], 'o2': ['i4', 'i3', 'i2']}"
288,1,0,0,1,0,0,0,0,0,1,0,1,0,0,"{'o1': ['i4', 'i1', 'i2'], 'o2': ['i5', 'i6', 'i2', 'i8', 'i7', 'i3', 'i9']}"
289,1,0,0,1,0,0,0,0,1,1,0,1,0,1,"{'o1': ['i4', 'i9', 'i1', 'i2'], 'o2': ['i5', 'i6', 'i2', 'i8', 'i7', 'i3']}"
290,1,0,0,1,0,0,0,1,0,1,0,1,0,1,"{'o1': ['i8', 'i4', 'i1', 'i2'], 'o2': ['i5', 'i6', 'i2', 'i7', 'i3', 'i9']}"
291,1,0,0,1,0,0,0,1,1,1,0,1,1,0,"{'o1': ['i1', 'i2', 'i8', 'i4', 'i9'], 'o2': ['i3', 'i5', 'i6', 'i2']}"
292,1,0,0,1,0,0,1,0,0,1,0,1,0,1,"{'o1': ['i4', 'i7', 'i1', 'i2'], 'o2': ['i5', 'i6', 'i2', 'i8', 'i3', 'i9']}"
293,1,0,0,1,0,0,1,0,1,1,0,1,1,0,"{'o1': ['i1', 'i2', 'i4', 'i7', 'i9'], 'o2': ['i3', 'i5', 'i6', 'i2']}"
294,1,0,0,1,0,0,1,1,0,1,0,1,1,0,"{'o1': ['i1', 'i2', 'i8', 'i4', 'i7'], 'o2': ['i3', 'i5', 'i6', 'i2']}"
295,1,0,0,1,0,0,1,1,1,1,0,1,1,1,"{'o1': ['i1', 'i2', 'i8', 'i4', 'i7', 'i9'], 'o2': ['i3', 'i5', 'i6', 'i2']}"
296,1,0,0,1,0,1,0,0,0,1,0,1,1,0,"{'o1': ['i4', 'i6', 'i1', 'i2'], 'o2': ['i5', 'i2', 'i8', 'i7', 'i3', 'i9']}"
297,1,0,0,1,0,1,0,0,1,1,0,1,1,1,"{'o1': ['i1', 'i6', 'i2', 'i4', 'i9'], 'o2': ['i5', 'i2', 'i8', 'i7', 'i3']}"
298,1,0,0,1,0,1,0,1,0,1,0,1,1,1,"{'o1': ['i1', 'i6', 'i2', 'i8', 'i4'], 'o2': ['i5', 'i2', 'i7', 'i3', 'i9']}"
299,1,0,0,1,0,1,0,1,1,1,1,0,0,0,"{'o2': ['i6', 'i2', 'i8', 'i4', 'i9']}"
300,1,0,0,1,0,1,1,0,0,1,0,1,1,1,"{'o1': ['i1', 'i6', 'i2', 'i4', 'i7'], 'o2': ['i5', 'i2', 'i8', 'i3', 'i9']}"
301,1,0,0,1,0,1,1,0,1,1,1,0,0,0,"{'o2': ['i6', 'i2', 'i4', 'i7', 'i9']}"
302,1,0,0,1,0,1,1,1,0,1,1,0,0,0,"{'o2': ['i6', 'i2', 'i8', 'i4', 'i7']}"
303,1,0,0,1,0,1,1,1,1,1,1,0,0,1,"{'o2': ['i6', 'i2', 'i8', 'i4', 'i7', 'i9']}"
304,1,0,0,1,1,0,0,0,0,1,0,1,1,0,"{'o1': ['i4', 'i5', 'i1', 'i2'], 'o2': ['i6', 'i2', 'i8', 'i7', 'i3', 'i9']}"
305,1,0,0,1,1,0,0,0,1,1,0,1,1,1,"{'o1': ['i5', 'i1', 'i2', 'i4', 'i9'], 'o2': ['i6', 'i2', 'i8', 'i7', 'i3']}"
306,1,0,0,1,1,0,0,1,0,1,0,1,1,1,"{'o1': ['i5', 'i1', 'i2', 'i8', 'i4'], 'o2': ['i6', 'i2', 'i7', 'i3', 'i9']}"
307,1,0,0,1,1,0,0,1,1,1,1,0,0,0,"{'o2': ['i5', 'i2', 'i8', 'i4', 'i9']}"
308,1,0,0,1,1,0,1,0,0,1,0,1,1,1,"{'o1': ['i5', 'i1', 'i2', 'i4', 'i7'], 'o2': ['i6', 'i2', 'i8', 'i3', 'i9']}"
309,1,0,0,1,1,0,1,0,1,1,1,0,0,0,"{'o2': ['i5', 'i2', 'i4', 'i7', 'i9']}"
310,1,0,0,1,1,0,1,1,0,1,1,0,0,0,"{'o2': ['i5', 'i2', 'i8', 'i4', 'i7']}"
311,1,0,0,1,1,0,1,1,1,1,1,0,0,1,"{'o2': ['i5', 'i2', 'i8', 'i4', 'i7', 'i9']}"
312,1,0,0,1,1,1,0,0,0,1,1,0,0,0,"{'o2': ['i4', 'i5', 'i6', 'i2']}"
313,1,0,0,1,1,1,0,0,1,1,1,0,0,1,"{'o2': ['i5', 'i6', 'i2', 'i4', 'i9']}"
314,1,0,0,1,1,1,0,1,0,1,1,0,0,1,"{'o2': ['i5', 'i6', 'i2', 'i8', 'i4']}"
315,1,0,0,1,1,1,0,1,1,1,1,0,1,0,"{'o2': ['i5', 'i6', 'i2', 'i8', 'i4', 'i9']}"
316,1,0,0,1,1,1,1,0,0,1,1,0,0,1,"{'o2': ['i5', 'i6', 'i2', 'i4', 'i7']}"
317,1,0,0,1,1,1,1,0,1,1,1,0,1,0,"{'o2': ['i5', 'i6', 'i2', 'i4', 'i7', 'i9']}"
318,1,0,0,1,1,1,1,1,0,1,1,0,1,0,"{'o2': ['i5', 'i6', 'i2', 'i4', 'i7', 'i8']}"
319,1,0,0,1,1,1,1,1,1,1,1,0,1,1,"{'o2': ['i5', 'i6', 'i2', 'i4', 'i7', 'i8', 'i9']}"
320,1,0,1,0,0,0,0,0,0,1,0,1,0,0,"{'o1': ['i3', 'i1', 'i2'], 'o2': ['i5', 'i6', 'i2', 'i4', 'i7', 'i8', 'i9']}"
321,1,0,1,0,0,0,0,0,1,1,0,1,0,1,"{'o1': ['i3', 'i9', 'i1', 'i2'], 'o2': ['i5', 'i6', 'i2', 'i4', 'i7', 'i8']}"
322,1,0,1,0,0,0,0,1,0,1,0,1,0,1,"{'o1': ['i8', 'i3', 'i1', 'i2'], 'o2': ['i5', 'i6', 'i2', 'i4', 'i7', 'i9']}"
323,1,0,1,0,0,0,0,1,1,1,0,1,1,0,"{'o1': ['i1', 'i2', 'i8', 'i3', 'i9'], 'o2': ['i4', 'i5', 'i6', 'i2']}"
324,1,0,1,0,0,0,1,0,0,1,0,1,0,1,"{'o1': ['i3', 'i7', 'i1', 'i2'], 'o2': ['i5', 'i6', 'i2', 'i8', 'i4', 'i9']}"
325,1,0,1,0,0,0,1,0,1,1,0,1,1,0,"{'o1': ['i1', 'i2', 'i7', 'i3', 'i9'], 'o2': ['i4', 'i5', 'i6', 'i2']}"
326,1,0,1,0,0,0,1,1,0,1,0,1,1,0,"{'o1': ['i1', 'i2', 'i8', 'i7', 'i3'], 'o2': ['i4', 'i5', 'i6', 'i2']}"
327,1,0,1,0,0,0,1,1,1,1,0,1,1,1,"{'o1': ['i1', 'i2', 'i8', 'i7', 'i3', 'i9'], 'o2': ['i4', 'i5', 'i6', 'i2']}"
328,1,0,1,0,0,1,0,0,0,1,0,1,1,0,"{'o1': ['i3', 'i6', 'i1', 'i2'], 'o2': ['i5', 'i2', 'i4', 'i8', 'i7', 'i9']}"
329,1,0,1,0,0,1,0,0,1,1,0,1,1,1,"{'o1': ['i1', 'i6', 'i2', 'i3', 'i9'], 'o2': ['i5', 'i2', 'i4', 'i8', 'i7']}"
330,1,0,1,0,0,1,0,1,0,1,0,1,1,1,"{'o1': ['i1', 'i6', 'i2', 'i8', 'i3'], 'o2': ['i5', 'i2', 'i4', 'i7', 'i9']}"
331,1,0,1,0,0,1,0,1,1,1,1,0,0,0,"{'o2': ['i6', 'i2', 'i8', 'i3', 'i9']}"
332,1,0,1,0,0,1,1,0,0,1,0,1,1,1,"{'o1': ['i1', 'i6', 'i2', 'i7', 'i3'], 'o2': ['i5', 'i2', 'i8', 'i4', 'i9']}"
333,1,0,1,0,0,1,1,0,1,1,1,0,0,0,"{'o2': ['i6', 'i2', 'i7', 'i3', 'i9']}"
334,1,0,1,0,0,1,1,1,0,1,1,0,0,0,"{'o2': ['i6', 'i2', 'i8', 'i7', 'i3']}"
335,1,0,1,0,0,1,1,1,1,1,1,0,0,1,"{'o2': ['i6', 'i2', 'i8', 'i7', 'i3', 'i9']}"
336,1,0,1,0,1,0,0,0,0,1,0,1,1,0,"{'o1': ['i3', 'i5', 'i1', 'i2'], 'o2': ['i6', 'i2', 'i4', 'i8', 'i7', 'i9']}"
337,1,0,1,0,1,0,0,0,1,1,0,1,1,1,"{'o1': ['i5', 'i1', 'i2', 'i3', 'i9'], 'o2': ['i6', 'i2', 'i4', 'i8', 'i7']}"
338,1,0,1,0,1,0,0,1,0,1,0,1,1,1,"{'o1': ['i5', 'i1', 'i2', 'i8', 'i3'], 'o2': ['i6', 'i2', 'i4', 'i7', 'i9']}"
339,1,0,1,0,1,0,0,1,1,1,1,0,0,0,"{'o2': ['i5', 'i2', 'i8', 'i3', 'i9']}"
340,1,0,1,0,1,0,1,0,0,1,0,1,1,1,"{'o1': ['i5', 'i1', 'i2', 'i7', 'i3'], 'o2': ['i6', 'i2', 'i8', 'i4', 'i9']}"
341,1,0,1,0,1,0,1,0,1,1,1,0,0,0,"{'o2': ['i5', 'i2', 'i7', 'i3', 'i9']}"
342,1,0,1,0,1,0,1,1,0,1,1,0,0,0,"{'o2': ['i5', 'i2', 'i8', 'i7', 'i3']}"
343,1,0,1,0,1,0,1,1,1,1,1,0,0,1,"{'o2': ['i5', 'i2', 'i8', 'i7', 'i3', 'i9']}"
344,1,0,1,0,1,1,0,0,0,1,1,0,0,0,"{'o2': ['i3', 'i5', 'i6', 'i2']}"
345,1,0,1,0,1,1,0,0,1,1,1,0,0,1,"{'o2': ['i5', 'i6', 'i2', 'i3', 'i9']}"
346,1,0,1,0,1,1,0,1,0,1,1,0,0,1,"{'o2': ['i5', 'i6', 'i2', 'i8', 'i3']}"
347,1,0,1,0,1,1,0,1,1,1,1,0,1,0,"{'o2': ['i5', 'i6', 'i2', 'i8', 'i3', 'i9']}"
348,1,0,1,0,1,1,1,0,0,1,1,0,0,1,"{'o2': ['i5', 'i6', 'i2', 'i7', 'i3']}"
349,1,0,1,0,1,1,1,0,1,1,1,0,1,0,"{'o2': ['i5', 'i6', 'i2', 'i7', 'i3', 'i9']}"
350,1,0,1,0,1,1,1,1,0,1,1,0,1,0,"{'o2': ['i5', 'i6', 'i2', 'i8', 'i7', 'i3']}"
351,1,0,1,0,1,1,1,1,1,1,1,0,1,1,"{'o2': ['i5', 'i6', 'i2', 'i8', 'i7', 'i3', 'i9']}"
352,1,0,1,1,0,0,0,0,0,1,1,0,0,0,"{'o2': ['i4', 'i3', 'i2']}"
353,1,0,1,1,0,0,0,0,1,1,1,0,0,1,"{'o2': ['i4', 'i3', 'i9', 'i2']}"
354,1,0,1,1,0,0,0,1,0,1,1,0,0,1,"{'o2': ['i8', 'i4', 'i3', 'i2']}"
355,1,0,1,1,0,0,0,1,1,1,1,0,1,0,"{'o2': ['i2', 'i8', 'i4', 'i3', 'i9']}"
356,1,0,1,1,0,0,1,0,0,1,1,0,0,1,"{'o2': ['i4', 'i3', 'i7', 'i2']}"
357,1,0,1,1,0,0,1,0,1,1,1,0,1,0,"{'o2': ['i2', 'i4', 'i7', 'i3', 'i9']}"
358,1,0,1,1,0,0,1,1,0,1,1,0,1,0,"{'o2': ['i2', 'i8', 'i4', 'i7', 'i3']}"
359,1,0,1,1,0,0,1,1,1,1,1,0,1,1,"{'o2': ['i2', 'i8', 'i4', 'i7', 'i3', 'i9']}"
360,1,0,1,1,0,1,0,0,0,1,1,0,1,0,"{'o2': ['i4', 'i3', 'i6', 'i2']}"
361,1,0,1,1,0,1,0,0,1,1,1,0,1,1,"{'o2': ['i6', 'i2', 'i4', 'i3', 'i9']}"
362,1,0,1,1,0,1,0,1,0,1,1,0,1,1,"{'o2': ['i6', 'i2', 'i8', 'i4', 'i3']}"
363,1,0,1,1,0,1,0,1,1,1,1,1,0,0,"{'o2': ['i6', 'i2', 'i8', 'i4', 'i3', 'i9']}"
364,1,0,1,1,0,1,1,0,0,1,1,0,1,1,"{'o2': ['i6', 'i2', 'i4', 'i7', 'i3']}"
365,1,0,1,1,0,1,1,0,1,1,1,1,0,0,"{'o2': ['i6', 'i2', 'i4', 'i7', 'i3', 'i9']}"
366,1,0,1,1,0,1,1,1,0,1,1,1,0,0,"{'o2': ['i6', 'i2', 'i4', 'i7', 'i8', 'i3']}"
367,1,0,1,1,0,1,1,1,1,1,1,1,0,1,"{'o2': ['i6', 'i2', 'i4', 'i7', 'i8', 'i3', 'i9']}"
368,1,0,1,1,1,0,0,0,0,1,1,0,1,0,"{'o2': ['i4', 'i3', 'i5', 'i2']}"
369,1,0,1,1,1,0,0,0,1,1,1,0,1,1,"{'o2': ['i5', 'i2', 'i4', 'i3', 'i9']}"
370,1,0,1,1,1,0,0,1,0,1,1,0,1,1,"{'o2': ['i5', 'i2', 'i8', 'i4', 'i3']}"
371,1,0,1,1,1,0,0,1,1,1,1,1,0,0,"{'o2': ['i5', 'i2', 'i8', 'i4', 'i3', 'i9']}"
372,1,0,1,1,1,0,1,0,0,1,1,0,1,1,"{'o2': ['i5', 'i2', 'i4', 'i7', 'i3']}"
373,1,0,1,1,1,0,1,0,1,1,1,1,0,0,"{'o2': ['i5', 'i2', 'i4', 'i7', 'i3', 'i9']}"
374,1,0,1,1,1,0,1,1,0,1,1,1,0,0,"{'o2': ['i5', 'i2', 'i4', 'i7', 'i8', 'i3']}"
375,1,0,1,1,1,0,1,1,1,1,1,1,0,1,"{'o2': ['i5', 'i2', 'i4', 'i7', 'i8', 'i3', 'i9']}"
376,1,0,1,1,1,1,0,0,0,1,1,1,0,0,"{'o2': ['i5', 'i6', 'i2', 'i4', 'i3']}"
377,1,0,1,1,1,1,0,0,1,1,1,1,0,1,"{'o2': ['i5', 'i6', 'i2', 'i4', 'i3', 'i9']}"
378,1,0,1,1,1,1,0,1,0,1,1,1,0,1,"{'o2': ['i5', 'i6', 'i2', 'i4', 'i8', 'i3']}"
379,1,0,1,1,1,1,0,1,1,1,1,1,1,0,"{'o2': ['i5', 'i6', 'i2', 'i4', 'i8', 'i3', 'i9']}"
380,1,0,1,1,1,1,1,0,0,1,1,1,0,1,"{'o2': ['i5', 'i6', 'i2', 'i4', 'i7', 'i3']}"
381,1,0,1,1,1,1,1,0,1,1,1,1,1,0,"{'o2': ['i5', 'i6', 'i2', 'i4', 'i7', 'i3', 'i9']}"
382,1,0,1,1,1,1,1,1,0,1,1,1,1,0,"{'o2': ['i5', 'i6', 'i2', 'i4', 'i7', 'i8', 'i3']}"
383,1,0,1,1,1,1,1,1,1,1,1,1,1,1,"{'o2': ['i5', 'i6', 'i2', 'i4', 'i7', 'i8', 'i3', 'i9']}"
384,1,1,0,0,0,0,0,0,0,0,1,0,0,0,"{'o1': ['i5', 'i1', 'i6', 'i2', 'i4', 'i7', 'i8', 'i3', 'i9'], 'o2': ['i5', 'i1', 'i6', 'i2', 'i4', 'i7', 'i8', 'i3', 'i9']}"
385,1,1,0,0,0,0,0,0,1,0,1,0,0,1,"{'o1': ['i5', 'i1', 'i6', 'i2', 'i4', 'i7', 'i8', 'i3'], 'o2': ['i5', 'i1', 'i6', 'i2', 'i4', 'i7', 'i8', 'i3']}"
386,1,1,0,0,0,0,0,1,0,0,1,0,0,1,"{'o1': ['i5', 'i1', 'i6', 'i2', 'i4', 'i7', 'i3', 'i9'], 'o2': ['i5', 'i1', 'i6', 'i2', 'i4', 'i7', 'i3', 'i9']}"
387,1,1,0,0,0,0,0,1,1,0,1,0,1,0,"{'o1': ['i5', 'i1', 'i6', 'i2', 'i4', 'i3'], 'o2': ['i5', 'i1', 'i6', 'i2', 'i4', 'i3']}"
388,1,1,0,0,0,0,1,0,0,0,1,0,0,1,"{'o1': ['i5', 'i1', 'i6', 'i2', 'i4', 'i8', 'i3', 'i9'], 'o2': ['i5', 'i1', 'i6', 'i2', 'i4', 'i8', 'i3', 'i9']}"
389,1,1,0,0,0,0,1,0,1,0,1,0,1,0,"{'o1': ['i5', 'i1', 'i6', 'i2', 'i4', 'i3'], 'o2': ['i5', 'i1', 'i6', 'i2', 'i4', 'i3']}"
390,1,1,0,0,0,0,1,1,0,0,1,0,1,0,"{'o1': ['i5', 'i1', 'i6', 'i2', 'i4', 'i3'], 'o2': ['i5', 'i1', 'i6', 'i2', 'i4', 'i3']}"
391,1,1,0,0,0,0,1,1,1,0,1,0,1,1,"{'o1': ['i5', 'i1', 'i6', 'i2', 'i4', 'i3'], 'o2': ['i5', 'i1', 'i6', 'i2', 'i4', 'i3']}"
392,1,1,0,0,0,1,0,0,0,0,1,0,1,0,"{'o1': ['i5', 'i1', 'i2', 'i4', 'i7', 'i8', 'i3', 'i9'], 'o2': ['i5', 'i1', 'i2', 'i4', 'i7', 'i8', 'i3', 'i9']}"
393,1,1,0,0,0,1,0,0,1,0,1,0,1,1,"{'o1': ['i5', 'i1', 'i2', 'i4', 'i7', 'i8', 'i3'], 'o2': ['i5', 'i1', 'i2', 'i4', 'i7', 'i8', 'i3']}"
394,1,1,0,0,0,1,0,1,0,0,1,0,1,1,"{'o1': ['i5', 'i1', 'i2', 'i4', 'i7', 'i3', 'i9'], 'o2': ['i5', 'i1', 'i2', 'i4', 'i7', 'i3', 'i9']}"
395,1,1,0,0,0,1,0,1,1,0,1,1,0,0,"{'o1': ['i4', 'i3', 'i1', 'i2'], 'o2': ['i4', 'i3', 'i1', 'i2']}"
396,1,1,0,0,0,1,1,0,0,0,1,0,1,1,"{'o1': ['i5', 'i1', 'i2', 'i4', 'i8', 'i3', 'i9'], 'o2': ['i5', 'i1', 'i2', 'i4', 'i8', 'i3', 'i9']}"
397,1,1,0,0,0,1,1,0,1,0,1,1,0,0,"{'o1': ['i4', 'i3', 'i1', 'i2'], 'o2': ['i4', 'i3', 'i1', 'i2']}"
398,1,1,0,0,0,1,1,1,0,0,1,1,0,0,"{'o1': ['i4', 'i3', 'i1', 'i2'], 'o2': ['i4', 'i3', 'i1', 'i2']}"
399,1,1,0,0,0,1,1,1,1,0,1,1,0,1,"{'o1': ['i4', 'i3', 'i1', 'i2'], 'o2': ['i4', 'i3', 'i1', 'i2']}"
400,1,1,0,0,1,0,0,0,0,0,1,0,1,0,"{'o1': ['i1', 'i6', 'i2', 'i4', 'i7', 'i8', 'i3', 'i9'], 'o2': ['i1', 'i6', 'i2', 'i4', 'i7', 'i8', 'i3', 'i9']}"
401,1,1,0,0,1,0,0,0,1,0,1,0,1,1,"{'o1': ['i1', 'i6', 'i2', 'i4', 'i7', 'i8', 'i3'], 'o2': ['i1', 'i6', 'i2', 'i4', 'i7', 'i8', 'i3']}"
402,1,1,0,0,1,0,0,1,0,0,1,0,1,1,"{'o1': ['i1', 'i6', 'i2', 'i4', 'i7', 'i3', 'i9'], 'o2': ['i1', 'i6', 'i2', 'i4', 'i7', 'i3', 'i9']}"
403,1,1,0,0,1,0,0,1,1,0,1,1,0,0,"{'o1': ['i4', 'i3', 'i1', 'i2'], 'o2': ['i4', 'i3', 'i1', 'i2']}"
404,1,1,0,0,1,0,1,0,0,0,1,0,1,1,"{'o1': ['i1', 'i6', 'i2', 'i4', 'i8', 'i3', 'i9'], 'o2': ['i1', 'i6', 'i2', 'i4', 'i8', 'i3', 'i9']}"
405,1,1,0,0,1,0,1,0,1,0,1,1,0,0,"{'o1': ['i4', 'i3', 'i1', 'i2'], 'o2': ['i4', 'i3', 'i1', 'i2']}"
406,1,1,0,0,1,0,1,1,0,0,1,1,0,0,"{'o1': ['i4', 'i3', 'i1', 'i2'], 'o2': ['i4', 'i3', 'i1', 'i2']}"
407,1,1,0,0,1,0,1,1,1,0,1,1,0,1,"{'o1': ['i4', 'i3', 'i1', 'i2'], 'o2': ['i4', 'i3', 'i1', 'i2']}"
408,1,1,0,0,1,1,0,0,0,0,1,1,0,0,"{'o1': ['i4', 'i3', 'i1', 'i2'], 'o2': ['i4', 'i3', 'i1', 'i2']}"
409,1,1,0,0,1,1,0,0,1,0,1,1,0,1,"{'o1': ['i4', 'i3', 'i1', 'i2'], 'o2': ['i4', 'i3', 'i1', 'i2']}"
410,1,1,0,0,1,1,0,1,0,0,1,1,0,1,"{'o1': ['i4', 'i3', 'i1', 'i2'], 'o2': ['i4', 'i3', 'i1', 'i2']}"
411,1,1,0,0,1,1,0,1,1,0,1,1,1,0,"{'o1': ['i4', 'i3', 'i1', 'i2'], 'o2': ['i4', 'i3', 'i1', 'i2']}"
412,1,1,0,0,1,1,1,0,0,0,1,1,0,1,"{'o1': ['i4', 'i3', 'i1', 'i2'], 'o2': ['i4', 'i3', 'i1', 'i2']}"
413,1,1,0,0,1,1,1,0,1,0,1,1,1,0,"{'o1': ['i4', 'i3', 'i1', 'i2'], 'o2': ['i4', 'i3', 'i1', 'i2']}"
414,1,1,0,0,1,1,1,1,0,0,1,1,1,0,"{'o1': ['i4', 'i3', 'i1', 'i2'], 'o2': ['i4', 'i3', 'i1', 'i2']}"
415,1,1,0,0,1,1,1,1,1,0,1,1,1,1,"{'o1': ['i4', 'i3', 'i1', 'i2'], 'o2': ['i4', 'i3', 'i1', 'i2']}"
416,1,1,0,1,0,0,0,0,0,0,1,1,0,0,"{'o1': ['i5', 'i1', 'i6', 'i2', 'i8', 'i7', 'i3', 'i9'], 'o2': ['i5', 'i1', 'i6', 'i2', 'i8', 'i7', 'i3', 'i9']}"
417,1,1,0,1,0,0,0,0,1,0,1,1,0,1,"{'o1': ['i5', 'i1', 'i6', 'i2', 'i8', 'i7', 'i3'], 'o2': ['i5', 'i1', 'i6', 'i2', 'i8', 'i7', 'i3']}"
418,1,1,0,1,0,0,0,1,0,0,1,1,0,1,"{'o1': ['i5', 'i1', 'i6', 'i2', 'i7', 'i3', 'i9'], 'o2': ['i5', 'i1', 'i6', 'i2', 'i7', 'i3', 'i9']}"
419,1,1,0,1,0,0,0,1,1,0,1,1,1,0,"{'o1': ['i5', 'i1', 'i6', 'i2', 'i3'], 'o2': ['i5', 'i1', 'i6', 'i2', 'i3']}"
420,1,1,0,1,0,0,1,0,0,0,1,1,0,1,"{'o1': ['i5', 'i1', 'i6', 'i2', 'i8', 'i3', 'i9'], 'o2': ['i5', 'i1', 'i6', 'i2', 'i8', 'i3', 'i9']}"
421,1,1,0,1,0,0,1,0,1,0,1,1,1,0,"{'o1': ['i5', 'i1', 'i6', 'i2', 'i3'], 'o2': ['i5', 'i1', 'i6', 'i2', 'i3']}"
422,1,1,0,1,0,0,1,1,0,0,1,1,1,0,"{'o1': ['i5', 'i1', 'i6', 'i2', 'i3'], 'o2': ['i5', 'i1', 'i6', 'i2', 'i3']}"
423,1,1,0,1,0,0,1,1,1,0,1,1,1,1,"{'o1': ['i5', 'i1', 'i6', 'i2', 'i3'], 'o2': ['i5', 'i1', 'i6', 'i2', 'i3']}"
424,1,1,0,1,0,1,0,0,0,0,1,1,1,0,"{'o1': ['i5', 'i1', 'i2', 'i8', 'i7', 'i3', 'i9'], 'o2': ['i5', 'i1', 'i2', 'i8', 'i7', 'i3', 'i9']}"
425,1,1,0,1,0,1,0,0,1,0,1,1,1,1,"{'o1': ['i5', 'i1', 'i2', 'i8', 'i7', 'i3'], 'o2': ['i5', 'i1', 'i2', 'i8', 'i7', 'i3']}"
426,1,1,0,1,0,1,0,1,0,0,1,1,1,1,"{'o1': ['i5', 'i1', 'i2', 'i7', 'i3', 'i9'], 'o2': ['i5', 'i1', 'i2', 'i7', 'i3', 'i9']}"
427,1,1,0,1,0,1,0,1,1,1,0,0,0,0,"{'o2': ['i1', 'i6', 'i2', 'i8', 'i4', 'i9']}"
428,1,1,0,1,0,1,1,0,0,0,1,1,1,1,"{'o1': ['i5', 'i1', 'i2', 'i8', 'i3', 'i9'], 'o2': ['i5', 'i1', 'i2', 'i8', 'i3', 'i9']}"
429,1,1,0,1,0,1,1,0,1,1,0,0,0,0,"{'o2': ['i1', 'i6', 'i2', 'i4', 'i7', 'i9']}"
430,1,1,0,1,0,1,1,1,0,1,0,0,0,0,"{'o2': ['i1', 'i6', 'i2', 'i4', 'i7', 'i8']}"
431,1,1,0,1,0,1,1,1,1,1,0,0,0,1,"{'o2': ['i1', 'i6', 'i2', 'i4', 'i7', 'i8', 'i9']}"
432,1,1,0,1,1,0,0,0,0,0,1,1,1,0,"{'o1': ['i1', 'i6', 'i2', 'i8', 'i7', 'i3', 'i9'], 'o2': ['i1', 'i6', 'i2', 'i8', 'i7', 'i3', 'i9']}"
433,1,1,0,1,1,0,0,0,1,0,1,1,1,1,"{'o1': ['i1', 'i6', 'i2', 'i8', 'i7', 'i3'], 'o2': ['i1', 'i6', 'i2', 'i8', 'i7', 'i3']}"
434,1,1,0,1,1,0,0,1,0,0,1,1,1,1,"{'o1': ['i1', 'i6', 'i2', 'i7', 'i3', 'i9'], 'o2': ['i1', 'i6', 'i2', 'i7', 'i3', 'i9']}"
435,1,1,0,1,1,0,0,1,1,1,0,0,0,0,"{'o2': ['i5', 'i1', 'i2', 'i8', 'i4', 'i9']}"
436,1,1,0,1,1,0,1,0,0,0,1,1,1,1,"{'o1': ['i1', 'i6', 'i2', 'i8', 'i3', 'i9'], 'o2': ['i1', 'i6', 'i2', 'i8', 'i3', 'i9']}"
437,1,1,0,1,1,0,1,0,1,1,0,0,0,0,"{'o2': ['i5', 'i1', 'i2', 'i4', 'i7', 'i9']}"
438,1,1,0,1,1,0,1,1,0,1,0,0,0,0,"{'o2': ['i5', 'i1', 'i2', 'i4', 'i7', 'i8']}"
439,1,1,0,1,1,0,1,1,1,1,0,0,0,1,"{'o2': ['i5', 'i1', 'i2', 'i4', 'i7', 'i8', 'i9']}"
440,1,1,0,1,1,1,0,0,0,1,0,0,0,0,"{'o2': ['i5', 'i1', 'i6', 'i2', 'i4']}"
441,1,1,0,1,1,1,0,0,1,1,0,0,0,1,"{'o2': ['i5', 'i1', 'i6', 'i2', 'i4', 'i9']}"
442,1,1,0,1,1,1,0,1,0,1,0,0,0,1,"{'o2': ['i5', 'i1', 'i6', 'i2', 'i4', 'i8']}"
443,1,1,0,1,1,1,0,1,1,1,0,0,1,0,"{'o2': ['i5', 'i1', 'i6', 'i2', 'i4', 'i8', 'i9']}"
444,1,1,0,1,1,1,1,0,0,1,0,0,0,1,"{'o2': ['i5', 'i1', 'i6', 'i2', 'i4', 'i7']}"
445,1,1,0,1,1,1,1,0,1,1,0,0,1,0,"{'o2': ['i5', 'i1', 'i6', 'i2', 'i4', 'i7', 'i9']}"
446,1,1,0,1,1,1,1,1,0,1,0,0,1,0,"{'o2': ['i5', 'i1', 'i6', 'i2', 'i4', 'i7', 'i8']}"
447,1,1,0,1,1,1,1,1,1,1,0,0,1,1,"{'o2': ['i5', 'i1', 'i6', 'i2', 'i4', 'i7', 'i8', 'i9']}"
448,1,1,1,0,0,0,0,0,0,0,1,1,0,0,"{'o1': ['i5', 'i1', 'i6', 'i2', 'i4', 'i7', 'i8', 'i9'], 'o2': ['i5', 'i1', 'i6', 'i2', 'i4', 'i7', 'i8', 'i9']}"
449,1,1,1,0,0,0,0,0,1,0,1,1,0,1,"{'o1': ['i5', 'i1', 'i6', 'i2', 'i4', 'i7', 'i8'], 'o2': ['i5', 'i1', 'i6', 'i2', 'i4', 'i7', 'i8']}"
450,1,1,1,0,0,0,0,1,0,0,1,1,0,1,"{'o1': ['i5', 'i1', 'i6', 'i2', 'i4', 'i7', 'i9'], 'o2': ['i5', 'i1', 'i6', 'i2', 'i4', 'i7', 'i9']}"
451,1,1,1,0,0,0,0,1,1,0,1,1,1,0,"{'o1': ['i5', 'i1', 'i6', 'i2', 'i4'], 'o2': ['i5', 'i1', 'i6', 'i2', 'i4']}"
452,1,1,1,0,0,0,1,0,0,0,1,1,0,1,"{'o1': ['i5', 'i1', 'i6', 'i2', 'i4', 'i8', 'i9'], 'o2': ['i5', 'i1', 'i6', 'i2', 'i4', 'i8', 'i9']}"
453,1,1,1,0,0,0,1,0,1,0,1,1,1,0,"{'o1': ['i5', 'i1', 'i6', 'i2', 'i4'], 'o2': ['i5', 'i1', 'i6', 'i2', 'i4']}"
454,1,1,1,0,0,0,1,1,0,0,1,1,1,0,"{'o1': ['i5', 'i1', 'i6', 'i2', 'i4'], 'o2': ['i5', 'i1', 'i6', 'i2', 'i4']}"
455,1,1,1,0,0,0,1,1,1,0,1,1,1,1,"{'o1': ['i5', 'i1', 'i6', 'i2', 'i4'], 'o2': ['i5', 'i1', 'i6', 'i2', 'i4']}"
456,1,1,1,0,0,1,0,0,0,0,1,1,1,0,"{'o1': ['i5', 'i1', 'i2', 'i4', 'i7', 'i8', 'i9'], 'o2': ['i5', 'i1', 'i2', 'i4', 'i8', 'i7', 'i9']}"
457,1,1,1,0,0,1,0,0,1,0,1,1,1,1,"{'o1': ['i5', 'i1', 'i2', 'i4', 'i7', 'i8'], 'o2': ['i5', 'i1', 'i2', 'i4', 'i8', 'i7']}"
458,1,1,1,0,0,1,0,1,0,0,1,1,1,1,"{'o1': ['i5', 'i1', 'i2', 'i4', 'i7', 'i9'], 'o2': ['i5', 'i1', 'i2', 'i4', 'i7', 'i9']}"
459,1,1,1,0,0,1,0,1,1,1,0,0,0,0,"{'o2': ['i1', 'i6', 'i2', 'i8', 'i3', 'i9']}"
460,1,1,1,0,0,1,1,0,0,0,1,1,1,1,"{'o1': ['i5', 'i1', 'i2', 'i8', 'i4', 'i9'], 'o2': ['i5', 'i1', 'i2', 'i8', 'i4', 'i9']}"
461,1,1,1,0,0,1,1,0,1,1,0,0,0,0,"{'o2': ['i1', 'i6', 'i2', 'i7', 'i3', 'i9']}"
462,1,1,1,0,0,1,1,1,0,1,0,0,0,0,"{'o2': ['i1', 'i6', 'i2', 'i8', 'i7', 'i3']}"
463,1,1,1,0,0,1,1,1,1,1,0,0,0,1,"{'o2': ['i1', 'i6', 'i2', 'i8', 'i7', 'i3', 'i9']}"
464,1,1,1,0,1,0,0,0,0,0,1,1,1,0,"{'o1': ['i1', 'i6', 'i2', 'i4', 'i7', 'i8', 'i9'], 'o2': ['i1', 'i6', 'i2', 'i4', 'i8', 'i7', 'i9']}"
465,1,1,1,0,1,0,0,0,1,0,1,1,1,1,"{'o1': ['i1', 'i6', 'i2', 'i4', 'i7', 'i8'], 'o2': ['i1', 'i6', 'i2', 'i4', 'i8', 'i7']}"
466,1,1,1,0,1,0,0,1,0,0,1,1,1,1,"{'o1': ['i1', 'i6', 'i2', 'i4', 'i7', 'i9'], 'o2': ['i1', 'i6', 'i2', 'i4', 'i7', 'i9']}"
467,1,1,1,0,1,0,0,1,1,1,0,0,0,0,"{'o2': ['i5', 'i1', 'i2', 'i8', 'i3', 'i9']}"
468,1,1,1,0,1,0,1,0,0,0,1,1,1,1,"{'o1': ['i1', 'i6', 'i2', 'i8', 'i4', 'i9'], 'o2': ['i1', 'i6', 'i2', 'i8', 'i4', 'i9']}"
469,1,1,1,0,1,0,1,0,1,1,0,0,0,0,"{'o2': ['i5', 'i1', 'i2', 'i7', 'i3', 'i9']}"
470,1,1,1,0,1,0,1,1,0,1,0,0,0,0,"{'o2': ['i5', 'i1', 'i2', 'i8', 'i7', 'i3']}"
471,1,1,1,0,1,0,1,1,1,1,0,0,0,1,"{'o2': ['i5', 'i1', 'i2', 'i8', 'i7', 'i3', 'i9']}"
472,1,1,1,0,1,1,0,0,0,1,0,0,0,0,"{'o2': ['i5', 'i1', 'i6', 'i2', 'i3']}"
473,1,1,1,0,1,1,0,0,1,1,0,0,0,1,"{'o2': ['i5', 'i1', 'i6', 'i2', 'i3', 'i9']}"
474,1,1,1,0,1,1,0,1,0,1,0,0,0,1,"{'o2': ['i5', 'i1', 'i6', 'i2', 'i8', 'i3']}"
475,1,1,1,0,1,1,0,1,1,1,0,0,1,0,"{'o2': ['i5', 'i1', 'i6', 'i2', 'i8', 'i3', 'i9']}"
476,1,1,1,0,1,1,1,0,0,1,0,0,0,1,"{'o2': ['i5', 'i1', 'i6', 'i2', 'i7', 'i3']}"
477,1,1,1,0,1,1,1,0,1,1,0,0,1,0,"{'o2': ['i5', 'i1', 'i6', 'i2', 'i7', 'i3', 'i9']}"
478,1,1,1,0,1,1,1,1,0,1,0,0,1,0,"{'o2': ['i5', 'i1', 'i6', 'i2', 'i8', 'i7', 'i3']}"
479,1,1,1,0,1,1,1,1,1,1,0,0,1,1,"{'o2': ['i5', 'i1', 'i6', 'i2', 'i8', 'i7', 'i3', 'i9']}"
480,1,1,1,1,0,0,0,0,0,1,0,0,0,0,"{'o2': ['i4', 'i3', 'i1', 'i2']}"
481,1,1,1,1,0,0,0,0,1,1,0,0,0,1,"{'o2': ['i1', 'i2', 'i4', 'i3', 'i9']}"
482,1,1,1,1,0,0,0,1,0,1,0,0,0,1,"{'o2': ['i1', 'i2', 'i8', 'i4', 'i3']}"
483,1,1,1,1,0,0,0,1,1,1,0,0,1,0,"{'o2': ['i1', 'i2', 'i8', 'i4', 'i3', 'i9']}"
484,1,1,1,1,0,0,1,0,0,1,0,0,0,1,"{'o2': ['i1', 'i2', 'i4', 'i7', 'i3']}"
485,1,1,1,1,0,0,1,0,1,1,0,0,1,0,"{'o2': ['i1', 'i2', 'i4', 'i7', 'i3', 'i9']}"
486,1,1,1,1,0,0,1,1,0,1,0,0,1,0,"{'o2': ['i1', 'i2', 'i4', 'i7', 'i8', 'i3']}"
487,1,1,1,1,0,0,1,1,1,1,0,0,1,1,"{'o2': ['i1', 'i2', 'i4', 'i7', 'i8', 'i3', 'i9']}"
488,1,1,1,1,0,1,0,0,0,1,0,0,1,0,"{'o2': ['i1', 'i6', 'i2', 'i4', 'i3']}"
489,1,1,1,1,0,1,0,0,1,1,0,0,1,1,"{'o2': ['i1', 'i6', 'i2', 'i4', 'i3', 'i9']}"
490,1,1,1,1,0,1,0,1,0,1,0,0,1,1,"{'o2': ['i1', 'i6', 'i2', 'i4', 'i8', 'i3']}"
491,1,1,1,1,0,1,0,1,1,1,0,1,0,0,"{'o2': ['i1', 'i6', 'i2', 'i4', 'i8', 'i3', 'i9']}"
492,1,1,1,1,0,1,1,0,0,1,0,0,1,1,"{'o2': ['i1', 'i6', 'i2', 'i4', 'i7', 'i3']}"
493,1,1,1,1,0,1,1,0,1,1,0,1,0,0,"{'o2': ['i1', 'i6', 'i2', 'i4', 'i7', 'i3', 'i9']}"
494,1,1,1,1,0,1,1,1,0,1,0,1,0,0,"{'o2': ['i1', 'i6', 'i2', 'i4', 'i7', 'i8', 'i3']}"
495,1,1,1,1,0,1,1,1,1,1,0,1,0,1,"{'o2': ['i1', 'i6', 'i2', 'i4', 'i7', 'i8', 'i3', 'i9']}"
496,1,1,1,1,1,0,0,0,0,1,0,0,1,0,"{'o2': ['i5', 'i1', 'i2', 'i4', 'i3']}"
497,1,1,1,1,1,0,0,0,1,1,0,0,1,1,"{'o2': ['i5', 'i1', 'i2', 'i4', 'i3', 'i9']}"
498,1,1,1,1,1,0,0,1,0,1,0,0,1,1,"{'o2': ['i5', 'i1', 'i2', 'i4', 'i8', 'i3']}"
499,1,1,1,1,1,0,0,1,1,1,0,1,0,0,"{'o2': ['i5', 'i1', 'i2', 'i4', 'i8', 'i3', 'i9']}"
500,1,1,1,1,1,0,1,0,0,1,0,0,1,1,"{'o2': ['i5', 'i1', 'i2', 'i4', 'i7', 'i3']}"
501,1,1,1,1,1,0,1,0,1,1,0,1,0,0,"{'o2': ['i5', 'i1', 'i2', 'i4', 'i7', 'i3', 'i9']}"
502,1,1,1,1,1,0,1,1,0,1,0,1,0,0,"{'o2': ['i5', 'i1', 'i2', 'i4', 'i7', 'i8', 'i3']}"
503,1,1,1,1,1,0,1,1,1,1,0,1,0,1,"{'o2': ['i5', 'i1', 'i2', 'i4', 'i7', 'i8', 'i3', 'i9']}"
504,1,1,1,1,1,1,0,0,0,1,0,1,0,0,"{'o2': ['i5', 'i1', 'i6', 'i2', 'i4', 'i3']}"
505,1,1,1,1,1,1,0,0,1,1,0,1,0,1,"{'o2': ['i5', 'i1', 'i6', 'i2', 'i4', 'i3', 'i9']}"
506,1,1,1,1,1,1,0,1,0,1,0,1,0,1,"{'o2': ['i5', 'i1', 'i6', 'i2', 'i4', 'i8', 'i3']}"
507,1,1,1,1,1,1,0,1,1,1,0,1,1,0,"{'o2': ['i5', 'i1', 'i6', 'i2', 'i4', 'i8', 'i3', 'i9']}"
508,1,1,1,1,1,1,1,0,0,1,0,1,0,1,"{'o2': ['i5', 'i1', 'i6', 'i2', 'i4', 'i7', 'i3']}"
509,1,1,1,1,1,1,1,0,1,1,0,1,1,0,"{'o2': ['i5', 'i1', 'i6', 'i2', 'i4', 'i7', 'i3', 'i9']}"
510,1,1,1,1,1,1,1,1,0,1,0,1,1,0,"{'o2': ['i5', 'i1', 'i6', 'i2', 'i4', 'i7', 'i8', 'i3']}"
511,1,1,1,1,1,1,1,1,1,1,0,1,1,1,"{'o2': ['i5', 'i1', 'i6', 'i2', 'i4', 'i7', 'i8', 'i3', 'i9']}"
